id,title,date,type,duration_seconds,video_url,summary_count,vote_count,topics,wer_score
1244,12/2/25 Council Meeting,2025-12-02,City Council,,https://archive-stream.granicus.com/OnDemand/_definst_/mp4:archive/chico-ca/chico-ca_62e7c723-8246-4e20-bf2d-d01c346d8f89.mp4/playlist.m3u8,49,4,,0.3391988019468364
1243,11/18/25 Council Meeting,2025-11-18,City Council,,https://archive-stream.granicus.com/OnDemand/_definst_/mp4:archive/chico-ca/chico-ca_4a1f2192-0699-4f5b-8c3a-615d9fbd677a.mp4/playlist.m3u8,57,11,parking minimums or parking reform,0.28890713373471993
1241,10/27/25 Bidwell Park & Playground Commission,2025-10-27,City Council,,https://archive-stream.granicus.com/OnDemand/_definst_/mp4:archive/chico-ca/chico-ca_55f4c395-bf8d-4a65-8d27-c43961e964a0.mp4/playlist.m3u8,38,2,groundwater or water supply,0.294510160752199
1240,10/21/25 Council Meeting,2025-10-21,City Council,,https://archive-stream.granicus.com/OnDemand/_definst_/mp4:archive/chico-ca/chico-ca_3a596823-258f-4a46-960d-4b4f35a13559.mp4/playlist.m3u8,53,6,infrastructure deficit|parking minimums or parking reform,0.2952830807583809
1237,10/7/25 Council Meeting,2025-10-07,City Council,,https://archive-stream.granicus.com/OnDemand/_definst_/mp4:archive/chico-ca/chico-ca_378abc0d-3d8e-4f29-823a-42c337b8c978.mp4/playlist.m3u8,55,3,adu (accessory dwelling units)|infill development|infrastructure deficit|missing middle housing|parking minimums or parking reform,0.2680428666266241
1236,9/16/25 City Council,2025-09-16,City Council,,https://archive-stream.granicus.com/OnDemand/_definst_/mp4:archive/chico-ca/chico-ca_a473652a-88b7-4e7a-8380-6e08cdc9d35f.mp4/playlist.m3u8,64,9,affordable housing|infill development|infrastructure|infrastructure deficit|parking minimums or parking reform,0.32498935943817836
1235,9/2/25 City Council and Special Closed Session,2025-09-02,Special Meeting,,https://archive-stream.granicus.com/OnDemand/_definst_/mp4:archive/chico-ca/chico-ca_f4207a4c-f7a4-4fd8-80a0-efd4ca944a6d.mp4/playlist.m3u8,33,8,groundwater|parking minimums or parking reform|tiny homes,0.2585626378729827
1234,8/25/25 Bidwell Park & Playground Commission,2025-08-25,City Council,,https://archive-stream.granicus.com/OnDemand/_definst_/mp4:archive/chico-ca/chico-ca_49f63613-983c-461d-9e0b-dbb0685b0e13.mp4/playlist.m3u8,46,2,adu (accessory dwelling units)|form-based codes|groundwater or water supply|infill development|infrastructure deficit|missing middle housing|parking minimums or parking reform|valley's edge development,0.3415555384259616
1233,8/19/25 City Council,2025-08-19,City Council,,https://archive-stream.granicus.com/OnDemand/_definst_/mp4:archive/chico-ca/chico-ca_b260ea0c-698b-4724-a8db-5ec79e90081d.mp4/playlist.m3u8,55,5,parking minimums or parking reform,0.28794833890920407
1232,7/28/25 Bidwell Park & Playground Commission,2025-07-28,City Council,,https://archive-stream.granicus.com/OnDemand/_definst_/mp4:archive/chico-ca/chico-ca_c8cd00cf-3807-440c-ac23-00a799f96f8e.mp4/playlist.m3u8,62,2,,0.3083570919458304
1230,7/8/25 City Council,2025-07-08,City Council,,https://archive-stream.granicus.com/OnDemand/_definst_/mp4:archive/chico-ca/chico-ca_10f8041f-453e-41a9-94ab-098de2f317b1.mp4/playlist.m3u8,56,8,parking minimums or parking reform,0.2789617486338798
1229,6/17/25 City Council,2025-06-17,City Council,,https://archive-stream.granicus.com/OnDemand/_definst_/mp4:archive/chico-ca/chico-ca_b46e20cb-defe-49e1-bfc5-9306cf0402e4.mp4/playlist.m3u8,47,5,parking minimums or parking reform,0.2281797458077007
1225,6/3/25 City Council Minutes,2025-06-03,City Council,,https://archive-stream.granicus.com/OnDemand/_definst_/mp4:archive/chico-ca/chico-ca_d18889ea-61c9-4589-8bf8-7ef198f41db1.mp4/playlist.m3u8,50,9,infill development|parking difficulties and new parking systems|parking minimums or parking reform,0.290984551533318
1224,5/20/25 City Council Meeting,2025-05-20,City Council,,https://archive-stream.granicus.com/OnDemand/_definst_/mp4:archive/chico-ca/chico-ca_ffb9c313-ec58-4742-8af8-1d764c976092.mp4/playlist.m3u8,83,9,groundwater or water supply|infill development|infrastructure deficit|parking management program|parking minimums or parking reform,0.2928509714437626
1223,5/19/25 Bidwell Park and Playground Commission,2025-05-19,City Council,,https://archive-stream.granicus.com/OnDemand/_definst_/mp4:archive/chico-ca/chico-ca_18df7442-94cf-4920-8817-b8e5ed1e3f9b.mp4/playlist.m3u8,28,1,parking minimums or parking reform,0.30808834502313087
1221,5/6/25 City Council (Start at 3:00 p.m.),2025-05-06,City Council,,https://archive-stream.granicus.com/OnDemand/_definst_/mp4:archive/chico-ca/chico-ca_8c3f1de7-5694-48bd-a919-be72fbcc60eb.mp4/playlist.m3u8,80,9,form-based codes|infill development|infrastructure deficit|missing middle housing|mixed-use housing|parking minimums or parking reform|smart growth,0.34469920813142657
1220,4/28/25 Bidwell Park and Playground Commission,2025-04-28,City Council,,https://archive-stream.granicus.com/OnDemand/_definst_/mp4:archive/chico-ca/chico-ca_37e7dc40-7ef4-4cc8-90da-b44fe8a76f20.mp4/playlist.m3u8,47,6,parking minimums or parking reform,0.2839455782312925
1219,4/15/25 City Council,2025-04-15,City Council,,https://archive-stream.granicus.com/OnDemand/_definst_/mp4:archive/chico-ca/chico-ca_96411bce-44eb-4f84-8302-8085ca1b5077.mp4/playlist.m3u8,51,6,adu (accessory dwelling units)|infill development|infrastructure|parking,0.5207326665917519
1217,4/1/25 City Council,2025-04-01,City Council,,https://archive-stream.granicus.com/OnDemand/_definst_/mp4:archive/chico-ca/chico-ca_22f52e2d-112d-4061-af08-8299b72a1f66.mp4/playlist.m3u8,50,10,ground floor office space|infill development|infrastructure deficit|missing middle housing|parking minimums or parking reform|vacant buildings,0.34743706399757357
1216,3/31/25 Bidwell Park and Playground Commission,2025-03-31,City Council,,https://archive-stream.granicus.com/OnDemand/_definst_/mp4:archive/chico-ca/chico-ca_fd0822a5-5b7d-491b-8245-ab37bcfa40d2.mp4/playlist.m3u8,33,1,parking minimums or parking reform,0.32687410032111613
1213,3/19/25 Council Strategic Planning Workshop,2025-03-19,City Council,,https://archive-stream.granicus.com/OnDemand/_definst_/mp4:archive/chico-ca/chico-ca_f3c24946-4009-4c35-acf2-b83d159badfa.mp4/playlist.m3u8,6,0,,0.3165871754107048
1212,3/18/25 City Council,2025-03-18,City Council,,https://archive-stream.granicus.com/OnDemand/_definst_/mp4:archive/chico-ca/chico-ca_5bdd552d-289e-4d14-a5cd-98735ef35504.mp4/playlist.m3u8,54,7,housing crisis|missing middle housing,0.34388399469868247
1211,3/4/25 City Council,2025-03-04,City Council,,https://archive-stream.granicus.com/OnDemand/_definst_/mp4:archive/chico-ca/chico-ca_18d71744-dd3a-475a-aa2c-0dffc6cab6ae.mp4/playlist.m3u8,40,5,managed campgrounds|micro shelters|parking minimums or parking reform|safe parking sites,0.2860818273092369
1209,2/20/25 Planning Commission Meeting,2025-02-20,Planning Commission,,https://archive-stream.granicus.com/OnDemand/_definst_/mp4:archive/chico-ca/chico-ca_f570522a-07c3-4e47-abd4-a1502a26271b.mp4/playlist.m3u8,28,5,infill development|missing middle housing,0.28891509433962265
1208,2/18/25 City Council,2025-02-18,City Council,,https://archive-stream.granicus.com/OnDemand/_definst_/mp4:archive/chico-ca/chico-ca_c3170a89-9a3b-4f10-80b6-04b587f7f07f.mp4/playlist.m3u8,43,4,parking minimums or parking reform,0.4706445597943859
1207,2/4/25 City Council,2025-02-04,City Council,,https://archive-stream.granicus.com/OnDemand/_definst_/mp4:archive/chico-ca/chico-ca_531b8831-11b1-4e33-85fc-22d174f821fa.mp4/playlist.m3u8,47,2,parking minimums or parking reform,0.4464299498263219
1204,1/28/25 City Council,2025-01-28,City Council,,https://archive-stream.granicus.com/OnDemand/_definst_/mp4:archive/chico-ca/chico-ca_7b373d52-fbb7-4fb8-8c14-1d0d3464c0d0.mp4/playlist.m3u8,54,9,infill development,0.34020143884892085
1203,1/7/25 City Council,2025-01-07,City Council,,https://archive-stream.granicus.com/OnDemand/_definst_/mp4:archive/chico-ca/chico-ca_cd6977b2-eb5e-44e9-887a-208a6328f6cf.mp4/playlist.m3u8,38,3,groundwater|parking minimums or parking reform,1.0
1202,12/17/24 Council Meeting,2024-12-17,City Council,,https://archive-stream.granicus.com/OnDemand/_definst_/mp4:archive/chico-ca/chico-ca_74f110da-3fb4-4207-96b0-9fef112bb067.mp4/playlist.m3u8,43,6,,0.23027266596011176
1199,12/4/24 City Council - Special Meeting,2024-12-04,Special Meeting,,https://archive-stream.granicus.com/OnDemand/_definst_/mp4:archive/chico-ca/chico-ca_caacfa93-5f0a-4293-abe1-6729b6f68569.mp4/playlist.m3u8,25,0,,0.2816681534344335
1198,11/19/24 City Council,2024-11-19,City Council,,https://archive-stream.granicus.com/OnDemand/_definst_/mp4:archive/chico-ca/chico-ca_c02abeab-6f67-4dbf-a4bd-b73ee93cb102.mp4/playlist.m3u8,62,9,groundwater or water supply|infrastructure deficit|parking minimums or parking reform,0.385486794407043
1196,11/05/24 City Council,2024-11-05,City Council,,https://archive-stream.granicus.com/OnDemand/_definst_/mp4:archive/chico-ca/chico-ca_c3f0a270-aa9d-4e62-bf17-ff1cb49e0f5d.mp4/playlist.m3u8,49,2,parking minimums or parking reform,0.160578911095796
1194,10/15/24 City Council,2024-10-15,City Council,,https://archive-stream.granicus.com/OnDemand/_definst_/mp4:archive/chico-ca/chico-ca_e3b47e6c-9cd0-49ef-8787-759e5f616283.mp4/playlist.m3u8,53,6,groundwater or water supply|infill development|infrastructure deficit|parking minimums or parking reform,0.19913810382842254
1191,10/1/24 City Council,2024-10-01,City Council,,https://archive-stream.granicus.com/OnDemand/_definst_/mp4:archive/chico-ca/chico-ca_01549b2c-7136-40f7-9c4c-20467b68197b.mp4/playlist.m3u8,27,1,,0.28692866822717755
1188,9/17/24 City Council,2024-09-17,City Council,,https://archive-stream.granicus.com/OnDemand/_definst_/mp4:archive/chico-ca/chico-ca_01fb70df-e33a-4e3d-8a0d-920f3abc11f6.mp4/playlist.m3u8,54,4,adu (accessory dwelling units)|infill development|missing middle housing|parking minimums or parking reform,0.3403173199181823
1185,9/3/24 City Council,2024-09-03,City Council,,https://archive-stream.granicus.com/OnDemand/_definst_/mp4:archive/chico-ca/chico-ca_ac0d2734-ab5b-45a9-bb4f-dc7f53b86f1b.mp4/playlist.m3u8,40,3,adu (accessory dwelling units)|form-based codes|groundwater or water supply|infill development|infrastructure deficit|missing middle housing|parking minimums or parking reform|valley's edge development,0.8557702032972591
1180,8/20/24 City Council,2024-08-20,City Council,,https://archive-stream.granicus.com/OnDemand/_definst_/mp4:archive/chico-ca/chico-ca_94eaee50-b26b-405c-b3ca-34d86753c1f1.mp4/playlist.m3u8,53,7,infill development|missing middle housing,0.29069616135328563
1174,7/18/24 Planning Commission,2024-07-18,Planning Commission,,https://archive-stream.granicus.com/OnDemand/_definst_/mp4:archive/chico-ca/chico-ca_c1915aa0-4f9d-437d-952d-92e50b0bc41c.mp4/playlist.m3u8,26,5,infill development,0.1632512377013223
1172,7/16/24 City Council,2024-07-16,City Council,,https://archive-stream.granicus.com/OnDemand/_definst_/mp4:archive/chico-ca/chico-ca_3721d6d2-7015-452f-b47b-83d82f311e45.mp4/playlist.m3u8,17,1,,0.37904269081500647
1168,6/18/24 City Council,2024-06-18,City Council,,https://archive-stream.granicus.com/OnDemand/_definst_/mp4:archive/chico-ca/chico-ca_c1e388ad-98a0-4d5b-a64b-7988900d5920.mp4/playlist.m3u8,52,6,,0.2270572620401972
1166,6/4/24 City Council,2024-06-04,City Council,,https://archive-stream.granicus.com/OnDemand/_definst_/mp4:archive/chico-ca/chico-ca_9bb26ba2-d462-4704-a94e-33916d9c3f4d.mp4/playlist.m3u8,52,9,missing middle housing|parking minimums or parking reform,0.8937821683546405
1165,5/21/24 City Council,2024-05-21,City Council,,https://archive-stream.granicus.com/OnDemand/_definst_/mp4:archive/chico-ca/chico-ca_f5451098-db17-4901-9359-6a258a2d9057.mp4/playlist.m3u8,37,3,housing|infill development|smart growth|valley's edge development,0.3269434989788972
1162,5/7/24 City Council,2024-05-07,City Council,,https://archive-stream.granicus.com/OnDemand/_definst_/mp4:archive/chico-ca/chico-ca_22f02d42-d03e-46ea-b260-1bb69497aeb1.mp4/playlist.m3u8,70,8,infrastructure deficit,0.556750941366326
1160,4/16/24 City Council,2024-04-16,City Council,,https://archive-stream.granicus.com/OnDemand/_definst_/mp4:archive/chico-ca/chico-ca_98c05cc2-fb0b-4236-a0b5-f8ed14af6a61.mp4/playlist.m3u8,44,6,infrastructure deficit,0.37576422636776924
1159,4/2/24 City Council,2024-04-02,City Council,,https://archive-stream.granicus.com/OnDemand/_definst_/mp4:archive/chico-ca/chico-ca_c91dc1c1-a590-4185-92ec-2f4ff5681dac.mp4/playlist.m3u8,55,4,,0.3573730342871874
1156,3/19/24 City Council,2024-03-19,City Council,,https://archive-stream.granicus.com/OnDemand/_definst_/mp4:archive/chico-ca/chico-ca_e8618f46-c05a-454c-9d4a-990f7a346402.mp4/playlist.m3u8,55,7,parking minimums or parking reform,0.23547424022047003
1155,3/5/24 City Council,2024-03-05,City Council,,https://archive-stream.granicus.com/OnDemand/_definst_/mp4:archive/chico-ca/chico-ca_1376682e-7726-4051-b18f-bfe19640a517.mp4/playlist.m3u8,43,5,infrastructure deficit,0.23433874709976799
1154,02/20/24 City Council,2024-02-20,City Council,,https://archive-stream.granicus.com/OnDemand/_definst_/mp4:archive/chico-ca/chico-ca_36357f78-c87c-45bd-995a-5d101f7c9e48.mp4/playlist.m3u8,41,4,groundwater or water supply,0.17748424538042512
1153,2/6/24 City Council,2024-02-06,City Council,,https://archive-stream.granicus.com/OnDemand/_definst_/mp4:archive/chico-ca/chico-ca_06d788ca-5ad5-4e61-a0d7-e10cdd4a9ff9.mp4/playlist.m3u8,25,4,,0.9813823004335629
1152,2/1/24 Planning Commission,2024-02-01,Planning Commission,,https://archive-stream.granicus.com/OnDemand/_definst_/mp4:archive/chico-ca/chico-ca_4605a12b-0ad7-4907-8eed-1c68fb8f9532.mp4/playlist.m3u8,16,3,,0.17021004098360656
1149,1/16/24 Council Meeting,2024-01-16,City Council,,https://archive-stream.granicus.com/OnDemand/_definst_/mp4:archive/chico-ca/chico-ca_4766fab5-7217-4b91-a236-76404963f48f.mp4/playlist.m3u8,66,12,adu (accessory dwelling units)|form-based codes|groundwater or water supply|infill development|infrastructure deficit|missing middle housing|parking minimums or parking reform|valley's edge development,0.2163673625343013
1147,1/6/24 Emergency Council Meeting,2024-01-06,City Council,,https://archive-stream.granicus.com/OnDemand/_definst_/mp4:archive/chico-ca/chico-ca_2cafba71-4c56-4876-9fa9-d02c057c0191.mp4/playlist.m3u8,17,4,,0.15037252407777577
1146,12/19/23 City Council,2023-12-19,City Council,,https://archive-stream.granicus.com/OnDemand/_definst_/mp4:archive/chico-ca/chico-ca_16a27c36-011e-48c2-9482-45559d3c4075.mp4/playlist.m3u8,51,3,,0.9998744507219084
1144,12/5/23 City Council Meeting,2023-12-05,City Council,,https://archive-stream.granicus.com/OnDemand/_definst_/mp4:archive/chico-ca/chico-ca_5bbaa73e-61b2-4dfb-bf7f-22bb7ce8717d.mp4/playlist.m3u8,27,2,infrastructure deficit,0.17611669688478654
1145,12/5/23 Council Meeting,2023-12-05,City Council,,https://archive-stream.granicus.com/OnDemand/_definst_/mp4:archive/chico-ca/chico-ca_23005646-944f-11ee-a93d-0050569183fa.mp4/playlist.m3u8,40,6,,0.17621723614586324
1143,11/21/23 Council Minutes,2023-11-21,City Council,,https://archive-stream.granicus.com/OnDemand/_definst_/mp4:archive/chico-ca/chico-ca_9ab24027-745f-4f13-8f39-b2dd6b79de7c.mp4/playlist.m3u8,38,3,parking minimums or parking reform,0.21666867397326267
1141,11/7/23 City Council,2023-11-07,City Council,,https://archive-stream.granicus.com/OnDemand/_definst_/mp4:archive/chico-ca/chico-ca_190f8def-26c8-4593-9bc4-171abf669501.mp4/playlist.m3u8,52,5,affordable housing|housing fee|housing money|infill development|missing middle housing,0.29235521235521233
1140,10/17/23 City Council,2023-10-17,City Council,,https://archive-stream.granicus.com/OnDemand/_definst_/mp4:archive/chico-ca/chico-ca_d74c9ad2-ba87-4c0d-ab43-9df7679a3ee3.mp4/playlist.m3u8,65,8,infill development|parking minimums or parking reform|valley's edge development,0.18531195356970126
1135,9/19/23 City Council,2023-09-19,City Council,,https://archive-stream.granicus.com/OnDemand/_definst_/mp4:archive/chico-ca/chico-ca_afbf6a48-e6d1-4ea4-9075-1f765a206b42.mp4/playlist.m3u8,48,2,,0.9696072942493802
1134,9/5/23 City Council,2023-09-05,City Council,,https://archive-stream.granicus.com/OnDemand/_definst_/mp4:archive/chico-ca/chico-ca_e503b71d-0902-4c2d-b53e-117c1978ecfe.mp4/playlist.m3u8,31,4,infill development|missing middle housing|valley's edge development,0.1980580496972228
1131,8/1/23 City Council,2023-08-01,City Council,,https://archive-stream.granicus.com/OnDemand/_definst_/mp4:archive/chico-ca/chico-ca_96c48fc1-c6ab-44b5-877e-011e326ee75c.mp4/playlist.m3u8,38,8,infill development|parking minimums or parking reform,0.2013088863648656
1129,7/5/23 City Council,2023-07-05,City Council,,https://archive-stream.granicus.com/OnDemand/_definst_/mp4:archive/chico-ca/chico-ca_986b6ed8-6e51-4514-b976-d17d27a84072.mp4/playlist.m3u8,51,5,infill development,0.17268017813323638
1125,6/6/23 City Council,2023-06-06,City Council,,https://archive-stream.granicus.com/OnDemand/_definst_/mp4:archive/chico-ca/chico-ca_b922a216-1102-4775-89bf-e0f87e664c28.mp4/playlist.m3u8,23,2,,0.33614088820826954
1124,5/16/23 City Council,2023-05-16,City Council,,https://archive-stream.granicus.com/OnDemand/_definst_/mp4:archive/chico-ca/chico-ca_d87f96e6-2085-4b26-861b-bd2a65b5485e.mp4/playlist.m3u8,69,10,adu (accessory dwelling units)|adus|economic development|housing|infrastructure|infrastructure deficit,0.2360747663551402
1122,5/2/23 City Council,2023-05-02,City Council,,https://archive-stream.granicus.com/OnDemand/_definst_/mp4:archive/chico-ca/chico-ca_f67feecd-0156-47cb-a20d-0aa1c6070d04.mp4/playlist.m3u8,56,9,groundwater or water supply,0.24759729005829526
1121,4/18/23 City Council,2023-04-18,City Council,,https://archive-stream.granicus.com/OnDemand/_definst_/mp4:archive/chico-ca/chico-ca_4dcc3574-cf81-4e55-b740-506214d3bdcd.mp4/playlist.m3u8,27,2,affordable housing|parking minimums or parking reform|valley's edge development,0.21478555304740407
1120,4/4/23 City Council,2023-04-04,City Council,,https://archive-stream.granicus.com/OnDemand/_definst_/mp4:archive/chico-ca/chico-ca_e3c7f723-46bb-403d-a313-76f536841218.mp4/playlist.m3u8,29,3,missing middle housing|valley's edge development,0.175874630037186
1119,3/21/23 City Council,2023-03-21,City Council,,https://archive-stream.granicus.com/OnDemand/_definst_/mp4:archive/chico-ca/chico-ca_5227a597-7574-4633-8d1a-fd3f06800644.mp4/playlist.m3u8,44,8,parking minimums or parking reform,0.19190798103117748
1118,3/7/23 City Council,2023-03-07,City Council,,https://archive-stream.granicus.com/OnDemand/_definst_/mp4:archive/chico-ca/chico-ca_955ad4a2-97d0-4a2f-838c-49ceec653590.mp4/playlist.m3u8,53,10,,0.212248901158778
1116,2/21/23 City Council,2023-02-21,City Council,,https://archive-stream.granicus.com/OnDemand/_definst_/mp4:archive/chico-ca/chico-ca_79c95864-740b-45c0-91f9-16e82d22fc3b.mp4/playlist.m3u8,59,11,groundwater,0.18349468230160895
1113,2/7/23 City Council,2023-02-07,City Council,,https://archive-stream.granicus.com/OnDemand/_definst_/mp4:archive/chico-ca/chico-ca_91d4aaf4-7131-4aa2-8973-bab1e93c8f06.mp4/playlist.m3u8,51,3,adu (accessory dwelling units)|infrastructure deficit|parking minimums or parking reform|valley's edge development,0.1706926713068076
1102,1/17/23 City Council,2023-01-17,City Council,,https://archive-stream.granicus.com/OnDemand/_definst_/mp4:archive/chico-ca/chico-ca_8db00e4c-d2ee-4da5-93ae-9aaff45f0314.mp4/playlist.m3u8,56,6,valley's edge development,0.22850543245786636
1101,1/3/23 City Council,2023-01-03,City Council,,https://archive-stream.granicus.com/OnDemand/_definst_/mp4:archive/chico-ca/chico-ca_a525a8a1-d96e-47c6-b684-13f46c42957b.mp4/playlist.m3u8,42,9,legalizing apartments more broadly|reducing dependence on cars and new developments|using community development to improve the community|valley's edge development,0.2015137929215676
1100,12/20/22 City Council,2022-12-20,City Council,,https://archive-stream.granicus.com/OnDemand/_definst_/mp4:archive/chico-ca/chico-ca_e32d8757-491a-4071-9dc1-3b33491075ab.mp4/playlist.m3u8,82,15,adu (accessory dwelling units)|parking minimums or parking reform|valley's edge development,0.2339098383895662
1092,12/6/22 City Council,2022-12-06,City Council,,https://archive-stream.granicus.com/OnDemand/_definst_/mp4:archive/chico-ca/chico-ca_9bbde539-62fe-47e8-b4fc-290c27cf3b8d.mp4/playlist.m3u8,47,7,,0.29495003095427613
1088,11/15/22 City Council,2022-11-15,City Council,,https://archive-stream.granicus.com/OnDemand/_definst_/mp4:archive/chico-ca/chico-ca_b2417363-e63b-4760-a392-f7567cba5ef2.mp4/playlist.m3u8,40,5,infrastructure deficit,0.18603728679095596
1086,11/1/22 City Council,2022-11-01,City Council,,https://archive-stream.granicus.com/OnDemand/_definst_/mp4:archive/chico-ca/chico-ca_b95a2229-df54-4a0e-9769-e04f4450fde4.mp4/playlist.m3u8,72,8,,1.0
1083,10/18/22 City Council,2022-10-18,City Council,,https://archive-stream.granicus.com/OnDemand/_definst_/mp4:archive/chico-ca/chico-ca_7d8953d6-fa7e-4ad5-a1ed-5c98e1a75265.mp4/playlist.m3u8,43,3,affordable housing project,0.9997049857409774
1081,10/4/22 City Council,2022-10-04,City Council,,https://archive-stream.granicus.com/OnDemand/_definst_/mp4:archive/chico-ca/chico-ca_9e8162fa-76d5-4d1d-b7c9-f437943f6d32.mp4/playlist.m3u8,39,2,,0.183130832893115
1080,9/20/22 City Council Meeting,2022-09-20,City Council,,https://archive-stream.granicus.com/OnDemand/_definst_/mp4:archive/chico-ca/chico-ca_c6a2b8ae-898f-4c2a-9615-eac5d9bf5d7e.mp4/playlist.m3u8,55,11,,0.20092117841313983
1079,9/6/22 Council Meeting,2022-09-06,City Council,,https://archive-stream.granicus.com/OnDemand/_definst_/mp4:archive/chico-ca/chico-ca_650b2893-6396-43ba-b009-85d612174269.mp4/playlist.m3u8,64,3,form-based codes|groundwater or water supply|infill development|infrastructure deficit|missing middle housing|parking,1.82865403636917
1077,8/4/22 Special City Council Meeting,2022-08-04,Special Meeting,,https://archive-stream.granicus.com/OnDemand/_definst_/mp4:archive/chico-ca/chico-ca_026d150f-632a-40a4-8aba-87d53e1c1e23.mp4/playlist.m3u8,9,0,,0.2557235421166307
1076,8/2/22 City Council (Closed Session at 5:00 p.m.),2022-08-02,City Council,,https://archive-stream.granicus.com/OnDemand/_definst_/mp4:archive/chico-ca/chico-ca_1cac87db-843d-46ea-846c-6e385ca7b056.mp4/playlist.m3u8,68,10,adu (accessory dwelling units)|form-based codes|groundwater or water supply|infill development|infrastructure deficit|missing middle housing|parking minimums or parking reform|valley's edge development,0.19302433731204463
1075,7/21/22 Planning Commission,2022-07-21,Planning Commission,,https://archive-stream.granicus.com/OnDemand/_definst_/mp4:archive/chico-ca/chico-ca_0713a08a-46d0-4f96-9c30-20b6a93d36ce.mp4/playlist.m3u8,27,1,,0.17055173570350496
1074,7/5/22 City Council,2022-07-05,City Council,,https://archive-stream.granicus.com/OnDemand/_definst_/mp4:archive/chico-ca/chico-ca_13dfe34f-4d5d-4228-b940-4941f9e87ef5.mp4/playlist.m3u8,45,6,infrastructure,0.19091439040639574
1071,6/21/22 City Council Minutes,2022-06-21,City Council,,https://archive-stream.granicus.com/OnDemand/_definst_/mp4:archive/chico-ca/chico-ca_e51e9adc-09c0-4c4b-8623-0d79191d7062.mp4/playlist.m3u8,44,7,missing middle housing,0.27002242711188634
1069,6/7/22 City Council Meeting,2022-06-07,City Council,,https://archive-stream.granicus.com/OnDemand/_definst_/mp4:archive/chico-ca/chico-ca_049bdc74-1f65-43ea-9a77-fba2374974fa.mp4/playlist.m3u8,16,0,,1.1115384615384616
1068,6/2/22 Planning Commission,2022-06-02,Planning Commission,,https://archive-stream.granicus.com/OnDemand/_definst_/mp4:archive/chico-ca/chico-ca_b4252745-5169-4b2d-ad49-c7b18ec1f3d9.mp4/playlist.m3u8,3,1,,0.16416550541322758
1067,5/19/22 Planning Commission,2022-05-19,Planning Commission,,https://archive-stream.granicus.com/OnDemand/_definst_/mp4:archive/chico-ca/chico-ca_7a430627-50d0-4320-a89a-918888075b1c.mp4/playlist.m3u8,3,1,,0.3327485880540818
1066,5/17/22 City Council Meeting - 1 p.m. Budget Study Session,2022-05-17,City Council,,https://archive-stream.granicus.com/OnDemand/_definst_/mp4:archive/chico-ca/chico-ca_3ee86848-e5c6-4650-83b2-47fb877e70e4.mp4/playlist.m3u8,72,7,adu (accessory dwelling units)|parking minimums or parking reform|valley's edge development,0.20229393646853308
1065,5/3/22 City Council Meeting,2022-05-03,City Council,,https://archive-stream.granicus.com/OnDemand/_definst_/mp4:archive/chico-ca/chico-ca_5e1f682d-6090-441e-8512-5574d844e4e0.mp4/playlist.m3u8,52,7,infill development,0.9999245738422085
1061,4/5/22 City Council Meeting,2022-04-05,City Council,,https://archive-stream.granicus.com/OnDemand/_definst_/mp4:archive/chico-ca/chico-ca_9d855dc9-9e38-4be5-9cda-05e14f4f1e99.mp4/playlist.m3u8,62,8,adu (accessory dwelling units)|form-based codes|groundwater or water supply|infill development|infrastructure deficit|missing middle housing|parking minimums or parking reform|valley's edge development,0.9999369144875879
1060,3/29/22 City Council - Special Meeting,2022-03-29,Special Meeting,,https://archive-stream.granicus.com/OnDemand/_definst_/mp4:archive/chico-ca/chico-ca_7cc0be27-203a-4cee-bcfb-3d19abe49d86.mp4/playlist.m3u8,13,0,,0.1916440480806514
1059,3/15/22 City Council Meeting,2022-03-15,City Council,,https://archive-stream.granicus.com/OnDemand/_definst_/mp4:archive/chico-ca/chico-ca_93497b75-f6a3-41c1-ad61-584ab0341098.mp4/playlist.m3u8,41,5,groundwater or water supply|valley's edge,0.2802975472456775
1052,3/1/22 City Council Meeting,2022-03-01,City Council,,https://archive-stream.granicus.com/OnDemand/_definst_/mp4:archive/chico-ca/chico-ca_ba5566b1-72c7-424e-8fbd-0b7d7cc9537b.mp4/playlist.m3u8,45,5,parking minimums or parking reform,0.18850384279074048
1058,2/15/22 City Council Meeting,2022-02-15,City Council,,https://archive-stream.granicus.com/OnDemand/_definst_/mp4:archive/chico-ca/chico-ca_275dae74-d001-422d-9165-dba17eea5418.mp4/playlist.m3u8,3,0,,0.2815507750498126
1055,2/1/22 City Council Meeting,2022-02-01,City Council,,https://archive-stream.granicus.com/OnDemand/_definst_/mp4:archive/chico-ca/chico-ca_105de004-602c-479b-8a71-c50973e864b8.mp4/playlist.m3u8,3,0,groundwater or water supply,0.27934342357706243
1054,1/18/22 City Council Meeting,2022-01-18,City Council,,https://archive-stream.granicus.com/OnDemand/_definst_/mp4:archive/chico-ca/chico-ca_0d3941b8-7303-4cbe-9c8f-0faeb75c030d.mp4/playlist.m3u8,3,2,,0.22576769025367155
1053,1/4/22 City Council Meeting,2022-01-04,City Council,,https://archive-stream.granicus.com/OnDemand/_definst_/mp4:archive/chico-ca/chico-ca_5a7c762a-4976-4b0c-95a5-cdc16ced7c7f.mp4/playlist.m3u8,3,1,,0.26948898629528933
1029,12/21/21 City Council Meeting,2021-12-21,City Council,,https://archive-stream.granicus.com/OnDemand/_definst_/mp4:archive/chico-ca/chico-ca_9f0c6226-d0ae-478a-8de5-3702ad516b73.mp4/playlist.m3u8,3,1,,0.2833421891604676
1027,12/7/21 City Council Meeting,2021-12-07,City Council,,https://archive-stream.granicus.com/OnDemand/_definst_/mp4:archive/chico-ca/chico-ca_4114d362-c50e-4278-988f-816c1986c966.mp4/playlist.m3u8,61,9,housing,0.23532833975710857
1026,12/2/21 Planning Commission,2021-12-02,Planning Commission,,https://archive-stream.granicus.com/OnDemand/_definst_/mp4:archive/chico-ca/chico-ca_e470598e-ab59-49d1-8149-cd7c29b57381.mp4/playlist.m3u8,5,1,adu (accessory dwelling units)|form-based codes|groundwater or water supply|infill development|infrastructure deficit|missing middle housing|parking minimums or parking reform|valley's edge development,0.4683206106870229
1025,11/18/21 Planning Commission,2021-11-18,Planning Commission,,https://archive-stream.granicus.com/OnDemand/_definst_/mp4:archive/chico-ca/chico-ca_4ffcad1d-d396-4043-aa95-b887ef41cc79.mp4/playlist.m3u8,34,1,,0.15028256471080723
1015,11/16/21 City Council Meeting,2021-11-16,City Council,,https://archive-stream.granicus.com/OnDemand/_definst_/mp4:archive/chico-ca/chico-ca_c1ac67fe-eaa5-4137-a990-6659333490dd.mp4/playlist.m3u8,3,0,,0.2252359156919252
1013,11/4/21 Planning Commission,2021-11-04,Planning Commission,,https://archive-stream.granicus.com/OnDemand/_definst_/mp4:archive/chico-ca/chico-ca_ff273c8c-c6ba-4e61-a4b9-0514fd7b6d9b.mp4/playlist.m3u8,3,1,,0.2543352601156069
1012,11/2/21 City Council Meeting,2021-11-02,City Council,,https://archive-stream.granicus.com/OnDemand/_definst_/mp4:archive/chico-ca/chico-ca_bd735c64-5b3e-481d-984a-940b6e34a139.mp4/playlist.m3u8,54,3,infill development|parking minimums or parking reform,0.19003787545142253
1010,10/19/21 City Council Meeting,2021-10-19,City Council,,https://archive-stream.granicus.com/OnDemand/_definst_/mp4:archive/chico-ca/chico-ca_87c2e17c-50e2-40f3-a7eb-c466d0cdaf36.mp4/playlist.m3u8,45,2,groundwater or water supply|parking minimums or parking reform,0.1660771007796708
1008,10/5/21 City Council Meeting,2021-10-05,City Council,,https://archive-stream.granicus.com/OnDemand/_definst_/mp4:archive/chico-ca/chico-ca_d1f545a6-c624-4a12-a226-ff4e7c2f1fbe.mp4/playlist.m3u8,52,2,,0.2080555892215085
1004,9/7/21 City Council Meeting,2021-09-07,City Council,,https://archive-stream.granicus.com/OnDemand/_definst_/mp4:archive/chico-ca/chico-ca_0af44c52-78ac-4dab-8a3b-cdf01b62cf8e.mp4/playlist.m3u8,61,8,affordable housing|housing crisis|infill development|infrastructure deficit|missing middle housing,0.15281236783985716
1003,9/2/21 Planning Commission,2021-09-02,Planning Commission,,https://archive-stream.granicus.com/OnDemand/_definst_/mp4:archive/chico-ca/chico-ca_66eacea3-d74d-4555-813a-358cbf57a644.mp4/playlist.m3u8,5,1,,0.30775159656463336
996,8/3/21 City Council Meeting,2021-08-03,City Council,,https://archive-stream.granicus.com/OnDemand/_definst_/mp4:archive/chico-ca/chico-ca_b60c62ab-0734-4015-9ec2-74fa1247ddc4.mp4/playlist.m3u8,67,5,infill development|parking minimums or parking reform,0.471585312001087
989,7/27/21 Special City Council Meeting,2021-07-27,Special Meeting,,https://archive-stream.granicus.com/OnDemand/_definst_/mp4:archive/chico-ca/chico-ca_fdca5e8d-d3e5-4bfe-882c-e00e2905089e.mp4/playlist.m3u8,3,0,,0.33370120016554006
984,7/20/21 City Council Meeting,2021-07-20,City Council,,https://archive-stream.granicus.com/OnDemand/_definst_/mp4:archive/chico-ca/chico-ca_ab44a50e-69d5-4c09-bf83-9b3a77fac549.mp4/playlist.m3u8,26,1,,0.08899620558813384
982,7/15/21 Planning Commission,2021-07-15,Planning Commission,,https://archive-stream.granicus.com/OnDemand/_definst_/mp4:archive/chico-ca/chico-ca_58e117fa-6031-4db6-a093-6fb27a31916c.mp4/playlist.m3u8,39,5,infill development|parking minimums or parking reform,0.20444807182207714
981,7/6/21 City Council Meeting,2021-07-06,City Council,,https://archive-stream.granicus.com/OnDemand/_definst_/mp4:archive/chico-ca/chico-ca_87de226c-c7ef-4138-bbc3-1b2f3ec943be.mp4/playlist.m3u8,45,4,,0.1225722273998136
978,6/15/21 City Council Meeting,2021-06-15,City Council,,https://archive-stream.granicus.com/OnDemand/_definst_/mp4:archive/chico-ca/chico-ca_ef50a640-f0c9-44e8-85ff-2673cbbd7f7e.mp4/playlist.m3u8,38,5,,0.17968154294684907
977,6/8/21 Special City Council Meeting,2021-06-08,Special Meeting,,https://archive-stream.granicus.com/OnDemand/_definst_/mp4:archive/chico-ca/chico-ca_43345a22-c0cc-4564-ab47-d4745b8d928b.mp4/playlist.m3u8,21,1,,0.20728854790419163
976,6/3/21 Planning Commission - Meeting Cancelled,2021-06-03,Planning Commission,,https://archive-stream.granicus.com/OnDemand/_definst_/mp4:archive/chico-ca/chico-ca_f6d8f7f6-9610-48ef-b8e7-034ada955bfc.mp4/playlist.m3u8,3,0,,1.0
975,6/1/21 City Council Meeting,2021-06-01,City Council,,https://archive-stream.granicus.com/OnDemand/_definst_/mp4:archive/chico-ca/chico-ca_07ce6c8e-22b3-4db9-a2c4-49fc5749394b.mp4/playlist.m3u8,23,0,,0.2870928829915561
974,5/20/21 Planning Commission - Cancelled,2021-05-20,Planning Commission,,https://archive-stream.granicus.com/OnDemand/_definst_/mp4:archive/chico-ca/chico-ca_c7e71d33-12dc-4b32-8b3d-05ea8f0351fe.mp4/playlist.m3u8,4,0,,1.0
973,5/18/21 City Council Meeting,2021-05-18,City Council,,https://archive-stream.granicus.com/OnDemand/_definst_/mp4:archive/chico-ca/chico-ca_058bd71e-8192-484e-9a45-6d354ad62f0e.mp4/playlist.m3u8,72,13,groundwater or water supply,0.14252073667931955
972,5/4/21 City Council Meeting,2021-05-04,City Council,,https://archive-stream.granicus.com/OnDemand/_definst_/mp4:archive/chico-ca/chico-ca_7a3c2b37-239c-4de6-9aac-ee995f64e2ea.mp4/playlist.m3u8,56,5,groundwater or water supply,0.17983912373780592
964,4/20/21 City Council Meeting,2021-04-20,City Council,,https://archive-stream.granicus.com/OnDemand/_definst_/mp4:archive/chico-ca/chico-ca_7cdf857e-4ed1-425f-8f1f-ed7279a54880.mp4/playlist.m3u8,18,3,,0.3675587110868378
967,4/20/21 City Council Meeting Adjourned to 4/26/21,2021-04-20,City Council,,https://archive-stream.granicus.com/OnDemand/_definst_/mp4:archive/chico-ca/chico-ca_039b063d-445a-4629-a4cf-6affab29334e.mp4/playlist.m3u8,65,10,,0.23035198626395068
952,4/6/21 City Council Meeting,2021-04-06,City Council,,https://archive-stream.granicus.com/OnDemand/_definst_/mp4:archive/chico-ca/chico-ca_3ae76df4-612e-4be3-bab4-0b914f4d51ac.mp4/playlist.m3u8,73,14,groundwater or water supply,0.23667799760338462
947,3/18/21 Planning Commission,2021-03-18,Planning Commission,,https://archive-stream.granicus.com/OnDemand/_definst_/mp4:archive/chico-ca/chico-ca_21aed7da-4053-489f-86c1-48d49848cba9.mp4/playlist.m3u8,3,1,,0.22244458128078817
946,3/16/21 City Council Meeting,2021-03-16,City Council,,https://archive-stream.granicus.com/OnDemand/_definst_/mp4:archive/chico-ca/chico-ca_3a4a04b2-b625-414d-85ae-d0c51e037e8e.mp4/playlist.m3u8,71,14,affordable housing|community land trusts|groundwater|groundwater or water supply|inclusionary zoning|missing middle housing|parking minimums or parking reform|public-private partnerships,0.2730092036814726
945,3/9/21 Special City Council Meeting,2021-03-09,Special Meeting,,https://archive-stream.granicus.com/OnDemand/_definst_/mp4:archive/chico-ca/chico-ca_c6219a42-84ca-44c4-bd94-e759c3b1175a.mp4/playlist.m3u8,14,0,,0.2956663842149861
943,"2/16/21 City Council Meeting - Continued to March 2, 2020",2021-02-16,City Council,,https://archive-stream.granicus.com/OnDemand/_definst_/mp4:archive/chico-ca/chico-ca_ad252f1e-df4c-4103-8ac0-c47902cd17cd.mp4/playlist.m3u8,76,8,building codes|low-barrier shelter|low-income housing,0.2227026234794079
939,2/11/21 Planning Commission - Special Meeting,2021-02-11,Special Meeting,,https://archive-stream.granicus.com/OnDemand/_definst_/mp4:archive/chico-ca/chico-ca_cf692080-ac88-4814-9c7d-246ff47db3e0.mp4/playlist.m3u8,4,1,,2.106049693914296
937,2/2/21 City Council Meeting,2021-02-02,City Council,,https://archive-stream.granicus.com/OnDemand/_definst_/mp4:archive/chico-ca/chico-ca_0cca4d4b-33fc-4f4a-a1f5-e0da7d0b4674.mp4/playlist.m3u8,48,6,groundwater|missing middle housing|safe parking proposal,0.20424988788850942
936,1/21/21 Planning Commission - Meeting Cancelled,2021-01-21,Planning Commission,,https://archive-stream.granicus.com/OnDemand/_definst_/mp4:archive/chico-ca/chico-ca_8d2c213e-ca10-48ca-a44b-2f1d3b19dc25.mp4/playlist.m3u8,4,0,,0.8789521228545619
934,1/7/21 Planning Commission - Meeting Cancelled,2021-01-07,Planning Commission,,https://archive-stream.granicus.com/OnDemand/_definst_/mp4:archive/chico-ca/chico-ca_ef9d6187-0d17-4d6e-9fd8-4d530d338203.mp4/playlist.m3u8,0,0,,1.0
933,1/5/21 City Council Meeting,2021-01-05,City Council,,https://archive-stream.granicus.com/OnDemand/_definst_/mp4:archive/chico-ca/chico-ca_b0757b4c-f399-4255-9b09-7ad81d5f1387.mp4/playlist.m3u8,57,9,,0.20054616190333682
932,12/17/20 Planning Commission - Meeting Canceled,2020-12-17,Planning Commission,,https://archive-stream.granicus.com/OnDemand/_definst_/mp4:archive/chico-ca/chico-ca_6678dde4-84a3-4ed6-ae1b-f2e63e529e80.mp4/playlist.m3u8,4,0,,1.0
930,12/15/20 City Council Meeting,2020-12-15,City Council,,https://archive-stream.granicus.com/OnDemand/_definst_/mp4:archive/chico-ca/chico-ca_bc629645-c34e-4caa-bafe-87100dfa2c01.mp4/playlist.m3u8,70,13,infill development|infrastructure deficit,0.17941777323799796
928,12/3/20 Planning Commission - Meeting Canceled,2020-12-03,Planning Commission,,https://archive-stream.granicus.com/OnDemand/_definst_/mp4:archive/chico-ca/chico-ca_54465840-2238-48cc-9cdb-98347eba38c8.mp4/playlist.m3u8,3,0,,0.9962065946892326
929,12/1/20 Postponed to 12/8/20 City Council Meeting,2020-12-01,City Council,,https://archive-stream.granicus.com/OnDemand/_definst_/mp4:archive/chico-ca/chico-ca_e005bcd2-c326-4acd-995f-5648d661c633.mp4/playlist.m3u8,57,10,,0.23184038716157604
927,11/19/20 Planning Commission,2020-11-19,Planning Commission,,https://archive-stream.granicus.com/OnDemand/_definst_/mp4:archive/chico-ca/chico-ca_8bb3306c-dc8a-462f-b9aa-a14ba8b28b05.mp4/playlist.m3u8,4,1,,0.9772716941679167
926,11/17/20 City Council Meeting,2020-11-17,City Council,,https://archive-stream.granicus.com/OnDemand/_definst_/mp4:archive/chico-ca/chico-ca_d7f2c68b-a422-445d-a2b2-595dd2a49759.mp4/playlist.m3u8,38,6,adu (accessory dwelling units)|infill development,0.21378905922761163
925,11/05/20 Planning Commission,2020-11-05,Planning Commission,,https://archive-stream.granicus.com/OnDemand/_definst_/mp4:archive/chico-ca/chico-ca_c54678f2-ad0b-4a4b-8ef5-b5e5b9b0f08a.mp4/playlist.m3u8,3,0,,0.3081711241230152
924,11/3/20 City Council Meeting,2020-11-03,City Council,,https://archive-stream.granicus.com/OnDemand/_definst_/mp4:archive/chico-ca/chico-ca_da5f9181-c369-46da-b0fe-bc8076621c6d.mp4/playlist.m3u8,55,9,housing crisis,0.19223029136407385
923,10/20/20 City Council Meeting,2020-10-20,City Council,,https://archive-stream.granicus.com/OnDemand/_definst_/mp4:archive/chico-ca/chico-ca_da977f08-90d5-448a-aa91-6d2b0450a4cb.mp4/playlist.m3u8,41,5,adu (accessory dwelling units)|valley's edge development,0.17795051822133065
922,10/6/20 City Council Meeting,2020-10-06,City Council,,https://archive-stream.granicus.com/OnDemand/_definst_/mp4:archive/chico-ca/chico-ca_dfa9d422-c783-4400-8a02-27b7ab3cbae0.mp4/playlist.m3u8,44,6,,0.17395787302990132
921,9/22/20 - Special City Council Meeting,2020-09-22,Special Meeting,,https://archive-stream.granicus.com/OnDemand/_definst_/mp4:archive/chico-ca/chico-ca_4bdd48f7-ec17-4c38-943d-761315f82aca.mp4/playlist.m3u8,17,2,,0.14401120709782864
920,9/17/20 Planning Commission,2020-09-17,Planning Commission,,https://archive-stream.granicus.com/OnDemand/_definst_/mp4:archive/chico-ca/chico-ca_e78a15ac-50df-490b-92a0-f387ffb8de78.mp4/playlist.m3u8,3,1,,0.1977089650525284
919,9/15/20 City Council Meeting,2020-09-15,City Council,,https://archive-stream.granicus.com/OnDemand/_definst_/mp4:archive/chico-ca/chico-ca_a89f62cd-69ae-4a0c-988b-bbfba98fd41d.mp4/playlist.m3u8,59,11,adu (accessory dwelling units)|affordable housing,0.1852269116330127
917,9/1/20 City Council Meeting,2020-09-01,City Council,,https://archive-stream.granicus.com/OnDemand/_definst_/mp4:archive/chico-ca/chico-ca_7ba20778-c2de-4886-a157-65567a3fb390.mp4/playlist.m3u8,64,8,adu (accessory dwelling units)|parking minimums or parking reform,0.17137659700482274
916,08/18/2020 City Council Meeting Continued to 08/25/20,2020-08-18,City Council,,https://archive-stream.granicus.com/OnDemand/_definst_/mp4:archive/chico-ca/chico-ca_c95cd9c8-5025-4372-8217-88e61dda1302.mp4/playlist.m3u8,30,4,parking minimums or parking reform,0.17665416259496264
914,8/4/20 City Council Meeting,2020-08-04,City Council,,https://archive-stream.granicus.com/OnDemand/_definst_/mp4:archive/chico-ca/chico-ca_0395cf7b-0b62-4f47-a4be-70d5ee199481.mp4/playlist.m3u8,55,8,parking minimums or parking reform,0.24748312866467528
913,7/28/20 Special City Council Meeting,2020-07-28,Special Meeting,,https://archive-stream.granicus.com/OnDemand/_definst_/mp4:archive/chico-ca/chico-ca_f7107f62-06b5-40cc-8807-39411451ddef.mp4/playlist.m3u8,13,0,,0.19197654105315698
910,7/7/20 City Council Meeting,2020-07-07,City Council,,https://archive-stream.granicus.com/OnDemand/_definst_/mp4:archive/chico-ca/chico-ca_9b39a32d-cd23-4ce6-bd6c-1ea822ca3d71.mp4/playlist.m3u8,86,11,adu (accessory dwelling units)|parking minimums or parking reform,0.1919229041610519
909,6/23/20 Special City Council Meeting,2020-06-23,Special Meeting,,https://archive-stream.granicus.com/OnDemand/_definst_/mp4:archive/chico-ca/chico-ca_e14ed9c9-16d9-4bbb-b7ed-eec4416bc3a9.mp4/playlist.m3u8,57,6,,0.20056590297236415
1128,6/20/20 City Council,2020-06-20,City Council,,https://archive-stream.granicus.com/OnDemand/_definst_/mp4:archive/chico-ca/chico-ca_eea26e39-cc60-4b27-9538-34dfc9af0bda.mp4/playlist.m3u8,64,5,,0.23892047400506883
904,"6/2/20 City Council Meeting - Continued to 6/9/20, Continued to 6/10/20",2020-06-02,City Council,,https://archive-stream.granicus.com/OnDemand/_definst_/mp4:archive/chico-ca/chico-ca_6011d5de-30f1-4fb6-9eab-19d2863a8708.mp4/playlist.m3u8,49,5,adu (accessory dwelling units)|infrastructure deficit|valley's edge development,0.17400983211204898
902,5/26/20 Special City Council Meeting,2020-05-26,Special Meeting,,https://archive-stream.granicus.com/OnDemand/_definst_/mp4:archive/chico-ca/chico-ca_8bd9ac37-6b86-4ab1-ba6a-0f026654a5c7.mp4/playlist.m3u8,32,4,parking minimums or parking reform,0.19241689341062346
900,5/19/20 Special City Council Meeting,2020-05-19,Special Meeting,,https://archive-stream.granicus.com/OnDemand/_definst_/mp4:archive/chico-ca/chico-ca_aa2a14f1-7093-45ea-b97e-e382ebd21c71.mp4/playlist.m3u8,34,3,parking minimums or parking reform,0.17573981834163493
901,Planning Commission,,Planning Commission,,https://archive-stream.granicus.com/OnDemand/_definst_/mp4:archive/chico-ca/chico-ca_6d7c9a97-6215-4cda-b1a0-9235d34c9dc3.mp4/playlist.m3u8,3,0,infill development,0.3220279102632044
906,"June 2, 2020 Council Meeting - Continued to June 9, 2020, Continued to June 10, 2020",,City Council,,https://archive-stream.granicus.com/OnDemand/_definst_/mp4:archive/chico-ca/chico-ca_26ff626f-4285-494e-8358-6f90db2621cc.mp4/playlist.m3u8,51,7,,0.19795476599238634
915,Planning Commission,,Planning Commission,,https://archive-stream.granicus.com/OnDemand/_definst_/mp4:archive/chico-ca/chico-ca_e9fcfa86-7791-4d8f-9a4f-c6fefc9bd98c.mp4/playlist.m3u8,5,1,parking minimums or parking reform,0.39602662363856395
918,Planning Commission,,Planning Commission,,https://archive-stream.granicus.com/OnDemand/_definst_/mp4:archive/chico-ca/chico-ca_8fe8ed47-4912-4fd3-b606-86d84d1c61b8.mp4/playlist.m3u8,3,0,,0.9993425378040762
940,Planning Commission,,Planning Commission,,https://archive-stream.granicus.com/OnDemand/_definst_/mp4:archive/chico-ca/chico-ca_915ef287-3b9c-4e91-851e-b8dbef956d7e.mp4/playlist.m3u8,3,0,,5.66832229580574
944,Planning Commission,,Planning Commission,,https://archive-stream.granicus.com/OnDemand/_definst_/mp4:archive/chico-ca/chico-ca_07211b69-5d17-4d97-93a3-097d748eae39.mp4/playlist.m3u8,3,1,,0.9997967892704734
979,Planning Commission,,Planning Commission,,https://archive-stream.granicus.com/OnDemand/_definst_/mp4:archive/chico-ca/chico-ca_31a3f021-1c86-4436-a8ff-be17be71322c.mp4/playlist.m3u8,3,1,,0.25417130144605116
980,Planning Commission - Canceled,,Planning Commission,,https://archive-stream.granicus.com/OnDemand/_definst_/mp4:archive/chico-ca/chico-ca_2a86474a-eef6-4441-aa80-98661a3af7d5.mp4/playlist.m3u8,0,0,,1.0
997,Planning Commission,,Planning Commission,,https://archive-stream.granicus.com/OnDemand/_definst_/mp4:archive/chico-ca/chico-ca_e887abf8-bcf9-472c-ac6d-4dccbbcfb797.mp4/playlist.m3u8,4,0,,1.0
1005,9-16-21 Planning Commission,,Planning Commission,,https://archive-stream.granicus.com/OnDemand/_definst_/mp4:archive/chico-ca/chico-ca_3dbd0999-89cf-4019-9d3e-89fd4f7d1dfd.mp4/playlist.m3u8,5,0,,0.22737464329392582
1006,9-21-21 City Council Meeting,,City Council,,https://archive-stream.granicus.com/OnDemand/_definst_/mp4:archive/chico-ca/chico-ca_774198b3-f1c9-47e3-b5e8-05c005fce963.mp4/playlist.m3u8,33,4,affordable units|infrastructure improvements|sewer connection program,0.17773530817009078
1007,9-24-21 Special Council Meeting,,Special Meeting,,https://archive-stream.granicus.com/OnDemand/_definst_/mp4:archive/chico-ca/chico-ca_61d9fdcf-4ba1-475c-af33-bdc08cef7763.mp4/playlist.m3u8,4,2,,0.2465753424657534
1009,Planning Commission,,Planning Commission,,https://archive-stream.granicus.com/OnDemand/_definst_/mp4:archive/chico-ca/chico-ca_86b2e384-4e79-4f1b-a547-2c9a7c63aa70.mp4/playlist.m3u8,5,1,,0.10706521739130435
1024,Test,,City Council,,https://archive-stream.granicus.com/OnDemand/_definst_/mp4:archive/chico-ca/chico-ca_909e4651-4ad7-41de-ad68-9dec03d24676.mp4/playlist.m3u8,0,0,,1.0
1028,Planning Commission,,Planning Commission,,https://archive-stream.granicus.com/OnDemand/_definst_/mp4:archive/chico-ca/chico-ca_6513f071-9008-48ed-b53e-e7b4db112d5b.mp4/playlist.m3u8,0,0,,1.0
1034,Planning Commission,,Planning Commission,,https://archive-stream.granicus.com/OnDemand/_definst_/mp4:archive/chico-ca/chico-ca_890353e6-4a41-441d-be3b-cdd95a3f07e8.mp4/playlist.m3u8,0,0,,1.0
1035,Peak Admin - Session 1 1-18-2022,,City Council,,https://archive-stream.granicus.com/OnDemand/_definst_/mp4:archive/chico-ca/chico-ca_af027fd2-c554-4194-a803-a2a42edbe41e.mp4/playlist.m3u8,3,0,,0.1381903642773208
1036,Planning Commission,,Planning Commission,,https://archive-stream.granicus.com/OnDemand/_definst_/mp4:archive/chico-ca/chico-ca_5e901dff-ddf0-45a7-8297-a75a38077709.mp4/playlist.m3u8,4,0,,1.0
1040,Peak Training - Overview and Administration 1-31-2022,,City Council,,https://archive-stream.granicus.com/OnDemand/_definst_/mp4:archive/chico-ca/chico-ca_9833c39a-0c0a-4770-9a99-bbba8d0ce3ec.mp4/playlist.m3u8,3,0,,0.1899677919599189
1041,Peak Training - Drafting and Approving 2-1-2022,,City Council,,https://archive-stream.granicus.com/OnDemand/_definst_/mp4:archive/chico-ca/chico-ca_37b3c42f-cc12-435e-a785-12701da9bb7b.mp4/playlist.m3u8,4,0,,0.1707813693051667
1043,Peak Training - Agenda Coordinators 2-2-2022,,City Council,,https://archive-stream.granicus.com/OnDemand/_definst_/mp4:archive/chico-ca/chico-ca_5bad26a9-fa0e-41a7-8acf-806ae7d049be.mp4/playlist.m3u8,3,0,,0.2305748169269652
1044,Peak Training - Minutes 2-3-2022,,City Council,,https://archive-stream.granicus.com/OnDemand/_definst_/mp4:archive/chico-ca/chico-ca_8678f50c-a324-4dd9-93f4-946c6c66ff2d.mp4/playlist.m3u8,3,0,,0.2535635236830456
1046,Peak Minutes 2/16/22,,City Council,,https://archive-stream.granicus.com/OnDemand/_definst_/mp4:archive/chico-ca/chico-ca_337049a9-abeb-4c7b-9f45-10b73fb21157.mp4/playlist.m3u8,4,0,,0.2461682377491545
1062,Planning Commission,,Planning Commission,,https://archive-stream.granicus.com/OnDemand/_definst_/mp4:archive/chico-ca/chico-ca_3590f909-be6d-4310-9b6a-aecb7aa42697.mp4/playlist.m3u8,5,2,infill development|parking minimums or parking reform,0.2722063037249284
1063,4-19-22 City Council Meeting,,City Council,,https://archive-stream.granicus.com/OnDemand/_definst_/mp4:archive/chico-ca/chico-ca_c73fc387-121f-4c0c-9a4e-d4fa2e514b9e.mp4/playlist.m3u8,64,4,affordable housing|infill development|valley's edge development,1.0
1064,Planning Commission,,Planning Commission,,https://archive-stream.granicus.com/OnDemand/_definst_/mp4:archive/chico-ca/chico-ca_9009c0d2-dc2e-44b7-b9dd-93b41da7c685.mp4/playlist.m3u8,4,0,,1.0
1070,Planning Commission,,Planning Commission,,https://archive-stream.granicus.com/OnDemand/_definst_/mp4:archive/chico-ca/chico-ca_e7fd197b-d05b-482a-8915-aca4e4df994f.mp4/playlist.m3u8,4,0,adu (accessory dwelling units),0.2145288290576581
1078,Planning Commission,,Planning Commission,,https://archive-stream.granicus.com/OnDemand/_definst_/mp4:archive/chico-ca/chico-ca_616fe476-4467-4d09-95f2-ffed5eb072af.mp4/playlist.m3u8,4,1,,0.6327989601386482
1082,Road Pavement Presentation,,City Council,,https://archive-stream.granicus.com/OnDemand/_definst_/mp4:archive/chico-ca/chico-ca_66833d86-822b-4490-9b7d-8081ff30bc20.mp4/playlist.m3u8,15,0,,0.21696944673823287
1085,Planning Commission,,Planning Commission,,https://archive-stream.granicus.com/OnDemand/_definst_/mp4:archive/chico-ca/chico-ca_ffb49315-fb1e-424d-aad7-9b2affb22810.mp4/playlist.m3u8,4,0,,1.0
1087,Planning Commission,,Planning Commission,,https://archive-stream.granicus.com/OnDemand/_definst_/mp4:archive/chico-ca/chico-ca_9f385a56-d84c-4ad7-bb05-1ef325685ddd.mp4/playlist.m3u8,5,1,missing middle housing,0.2346882100479677
1089,Planning Commission,,Planning Commission,,https://archive-stream.granicus.com/OnDemand/_definst_/mp4:archive/chico-ca/chico-ca_c007d0bd-cd75-4d5d-8de9-d218e4a0b893.mp4/playlist.m3u8,6,0,infill development|missing middle housing|parking minimums or parking reform|valley's edge development,0.2312195883531524
1096,2022 California Building Codes Workshop Part 1,,City Council,,https://archive-stream.granicus.com/OnDemand/_definst_/mp4:archive/chico-ca/chico-ca_5d9a1fc3-ce88-4cd1-9976-8535b51955b6.mp4/playlist.m3u8,3,0,,0.2949000858158637
1098,2022 California Building Codes Workshop Part 2,,City Council,,https://archive-stream.granicus.com/OnDemand/_definst_/mp4:archive/chico-ca/chico-ca_3cd2815a-7b42-11ed-9024-0050569183fa.mp4/playlist.m3u8,3,0,,0.2446035699460357
1106,Planning Commission,,Planning Commission,,https://archive-stream.granicus.com/OnDemand/_definst_/mp4:archive/chico-ca/chico-ca_48061f42-8d2b-4db3-b6b6-8001c34504e4.mp4/playlist.m3u8,4,0,,1.0
1117,Planning Commission,,Planning Commission,,https://archive-stream.granicus.com/OnDemand/_definst_/mp4:archive/chico-ca/chico-ca_99cd44f8-9405-4f6a-a932-b2a8dbdc43c2.mp4/playlist.m3u8,4,0,infill development|missing neighborhood retail element,0.2928816189306265
1130,Planning Commission,,Planning Commission,,https://archive-stream.granicus.com/OnDemand/_definst_/mp4:archive/chico-ca/chico-ca_db763a9e-7a9e-4e26-bf46-5f3b2b60e30d.mp4/playlist.m3u8,4,0,,1.0
1132,Planning Commission,,Planning Commission,,https://archive-stream.granicus.com/OnDemand/_definst_/mp4:archive/chico-ca/chico-ca_d639af56-7d03-45a4-9147-9a126bbee614.mp4/playlist.m3u8,3,2,,0.2037037037037037
1133,Planning Commission,,Planning Commission,,https://archive-stream.granicus.com/OnDemand/_definst_/mp4:archive/chico-ca/chico-ca_19489d8a-eeb6-452b-877b-a27b5315c833.mp4/playlist.m3u8,3,2,,0.31258191349934467
1136,"10-3-23 City Council  Meeting - Continued to October 17, 2023 Due to Audio Problems",,City Council,,https://archive-stream.granicus.com/OnDemand/_definst_/mp4:archive/chico-ca/chico-ca_b6f11f12-62d0-11ee-b4aa-0050569183fa.mp4/playlist.m3u8,5,0,,1.0
1138,Planning Commission,,Planning Commission,,https://archive-stream.granicus.com/OnDemand/_definst_/mp4:archive/chico-ca/chico-ca_c5de595a-55fd-406e-a7af-ab6ec19719ec.mp4/playlist.m3u8,4,0,,1.0
1142,Planning Commission,,Planning Commission,,https://archive-stream.granicus.com/OnDemand/_definst_/mp4:archive/chico-ca/chico-ca_5184fd6b-b1cb-456b-b9b9-db13e72e10cd.mp4/playlist.m3u8,4,1,,0.2536082474226804
1151,Planning Commission,,Planning Commission,,https://archive-stream.granicus.com/OnDemand/_definst_/mp4:archive/chico-ca/chico-ca_69e8a78e-1fb1-4927-9cd1-e3fd6e22661a.mp4/playlist.m3u8,51,3,infill development|missing middle housing|parking minimums or parking reform,0.22152548786420886
1158,Bidwell Park & Playground Commission,,City Council,,https://archive-stream.granicus.com/OnDemand/_definst_/mp4:archive/chico-ca/chico-ca_134d9d6f-3811-4b8e-bc5e-45731cfd1698.mp4/playlist.m3u8,48,5,parking minimums or parking reform,0.3228565468326264
1163,Planning Commission,,Planning Commission,,https://archive-stream.granicus.com/OnDemand/_definst_/mp4:archive/chico-ca/chico-ca_21e698de-3abf-4063-a150-049eb227b780.mp4/playlist.m3u8,37,3,code amendments|infill development|mixed use|parking minimums or parking reform|residential density,0.28627195836044245
1164,Bidwell Park & Playground Commission,,City Council,,https://archive-stream.granicus.com/OnDemand/_definst_/mp4:archive/chico-ca/chico-ca_1d9ff692-6c87-4651-9ffe-ef1035a44749.mp4/playlist.m3u8,47,3,parking minimums or parking reform,0.28774623953678646
1167,6-6-2024 Planning Commission,,Planning Commission,,https://archive-stream.granicus.com/OnDemand/_definst_/mp4:archive/chico-ca/chico-ca_f3c130d2-0660-46f0-998c-bab2309e9642.mp4/playlist.m3u8,26,2,parking minimums or parking reform,0.28057860029780896
1182,Bidwell Park & Playground Commission,,City Council,,https://archive-stream.granicus.com/OnDemand/_definst_/mp4:archive/chico-ca/chico-ca_1c846579-f34f-4d87-a4e3-d6892d41784f.mp4/playlist.m3u8,40,1,infrastructure,0.2590698308783415
1186,Planning Commission,,Planning Commission,,https://archive-stream.granicus.com/OnDemand/_definst_/mp4:archive/chico-ca/chico-ca_88479cab-bd88-4986-b06e-9dadd4ee606f.mp4/playlist.m3u8,28,2,infrastructure deficit,0.2836456558773424
1190,Bidwell Park & Playground Commission,,City Council,,https://archive-stream.granicus.com/OnDemand/_definst_/mp4:archive/chico-ca/chico-ca_c0ca1b67-6d2b-4cd0-886f-9d71f084a4e4.mp4/playlist.m3u8,53,3,infrastructure deficit|parking minimums or parking reform|water supply,0.39255248126993547
1197,Bidwell Park & Playground Commission,,City Council,,https://archive-stream.granicus.com/OnDemand/_definst_/mp4:archive/chico-ca/chico-ca_dd831245-6cdc-404d-b022-b3bd7fa47d1c.mp4/playlist.m3u8,37,3,,0.28702514222793174
1201,Bidwell Park & Playground Commission,,City Council,,https://archive-stream.granicus.com/OnDemand/_definst_/mp4:archive/chico-ca/chico-ca_f92a984b-c6fd-428b-a78e-39dd57267b56.mp4/playlist.m3u8,44,5,,0.2851608737759604
1210,Bidwell Park & Playground Commission,,City Council,,https://archive-stream.granicus.com/OnDemand/_definst_/mp4:archive/chico-ca/chico-ca_9a14b355-c9b4-49e2-b3bc-80a292bcb9ff.mp4/playlist.m3u8,46,3,adu (accessory dwelling units)|form-based codes|groundwater or water supply|infill development|infrastructure deficit|missing middle housing|parking minimums or parking reform|valley's edge development,0.35447300482657984
1215,3-20-2025 Planning Commission Meeting,,Planning Commission,,https://archive-stream.granicus.com/OnDemand/_definst_/mp4:archive/chico-ca/chico-ca_e43a3ddb-eab9-4089-835b-ba1b2561cf4b.mp4/playlist.m3u8,31,4,adu (accessory dwelling units)|infill development|parking minimums or parking reform,0.36097560975609755
1218,4-3-2025 Planning Commission Meeting,,Planning Commission,,https://archive-stream.granicus.com/OnDemand/_definst_/mp4:archive/chico-ca/chico-ca_3e5bf839-775b-4161-b298-b2342be3dbe4.mp4/playlist.m3u8,31,1,infill development|parking minimums or parking reform,0.3332979513852033
1222,5-15-2025 Planning Commission,,Planning Commission,,https://archive-stream.granicus.com/OnDemand/_definst_/mp4:archive/chico-ca/chico-ca_d2871609-dacf-45bf-9146-66563f1aec12.mp4/playlist.m3u8,24,1,infill development|parking minimums or parking reform,0.21595977617387074
1226,6-5-2025 Planning Commission,,Planning Commission,,https://archive-stream.granicus.com/OnDemand/_definst_/mp4:archive/chico-ca/chico-ca_45a7889f-460c-11f0-b7f5-005056a89546.mp4/playlist.m3u8,21,1,parking minimums or parking reform,0.9351513136015963
1231,Planning Commission Meeting,,Planning Commission,,https://archive-stream.granicus.com/OnDemand/_definst_/mp4:archive/chico-ca/chico-ca_9a9123e7-de2b-4459-b8d9-4bcc61967b58.mp4/playlist.m3u8,32,2,,0.2772269374157214
1242,Council Meeting,,City Council,,https://archive-stream.granicus.com/OnDemand/_definst_/mp4:archive/chico-ca/chico-ca_660137b6-389d-4377-98c2-e52fc9b6a806.mp4/playlist.m3u8,46,4,,0.3177808094588449
1245,Planning Commission,,Planning Commission,,https://archive-stream.granicus.com/OnDemand/_definst_/mp4:archive/chico-ca/chico-ca_06e5499d-13f7-4a27-8d67-912d91fcf6f7.mp4/playlist.m3u8,4,0,,1.0
1246,Test,,City Council,,https://archive-stream.granicus.com/OnDemand/_definst_/mp4:archive/chico-ca/chico-ca_d27111f9-1acb-4ee8-bce3-59cec4f13576.mp4/playlist.m3u8,4,0,,1.0
